id	source_locator	source_statement	lean_declarations	verdict	severity	finding	justification
I-0	01_introduction.tex:eq:source-hierarchy	Source Eq.(4) hierarchy S_U* <= C_M <= K_I (conjecture under test)	-	OUT-OF-SCOPE	-	-	Quoted conjecture; manuscript does not assert it. Its refutations are PL/PR.
I-1	01_introduction.tex:l.43-44	All counterexamples use strictly positive density matrices at every allowed parameter	States.rhoL_posDef; States.rhoR_posDef; UnitaryCovariance.complex_rhoL_posDef, complex_rhoR_posDef; TemporalStates.mainState_posDef (0<eps<=1/4); TemporalStates.reciprocalState_posDef (eta>0, eta^2<=1/16); FamilyStates.fixedState_posDef (0<eps<5/18); FamilyStates.qutritState_posDef (m>=4); ComplexAdmissibility.*.state_posDef	PASS	-	-	Every family and parameter range proved PosDef over R and C exactly on the source ranges.
I-2	01_introduction.tex; 04_factor_two.tex l.82-89	Prior-art/novelty/priority statements	-	OUT-OF-SCOPE	-	-	Bibliographic/priority prose; no mathematical claim.
F-01	02_framework.tex:eq:evolution	U_t=exp(-itH), rho(t)=U rho U^dag, P=Tr rho^2	UnitaryEvolution.propagator; CanonicalPurification.evolvedDensity_eq; PhysicalCurvatureNecessary.purity, purity_norm	PASS	-	-	Literal definitions (sign convention exp(-itH) checked in all APIs).
F-02	02_framework.tex:eq:general-complexity	GS of v,Gv,G^2v,... until termination; C=sum n|phi_n|^2; sum|phi_n|^2=1; m = cyclic dimension	FactorTwoFinite.GSIndex, gsFamily, probability, complexity, total_probability; FactorTwoTheorem.state_evolution_mem_cyclic; KrylovTermination.zero_forces_later_zero; ActualReturnBounds.length_eq_cyclic_finrank	PASS	-	-	mathlib gramSchmidtNormed on the power sequence; index weight equals Krylov level because power-sequence GS has no internal zero holes (proved). This is the package's own formalization of the source definition.
F-03	02_framework.tex:l.18-19	Lanczos phase convention does not affect probabilities	BasisPhaseInvariant.amplitude_norm, complexity_invariant	PASS	-	-	General unit-phase invariance of the degree-weighted sum.
F-04	02_framework.tex:l.21-27	HS inner product; L_H=[H,.] self-adjoint; normalized mixed seed rho/sqrt P	FactorTwo.rowVectorize_inner; PerturbedDynamics.liouvillian_selfAdjoint, liouvillian_rowVectorize; PhysicalCurvatureNecessary.normalizedSeed_eq_purity_seed	PASS	-	-	-
F-05	02_framework.tex:eq:purification	vec_r, s=vec_r sqrt(rho), ||s||=1, G_I=H(x)I, G_U*=H(x)I-I(x)conj(H), s_X(t)	PurificationBranches.generatorI(_eq_kronecker), generatorU(_eq_kronecker), seed, seed_unit; UnitaryEvolution.evolvedVector	PASS-STRONGER	-	-	Source states it for full-rank rho; Lean proves normalization for every PSD trace-one rho.
F-06	02_framework.tex:l.38-39	s_U*(t)=vec_r sqrt(rho(t))	CanonicalPurification.canonical_branchU, evolved_sqrt	PASS	-	-	Literal exponential of G_U* acting on canonical root.
F-07	02_framework.tex:l.39-40	conj(H)=H^T for Hermitian H	CanonicalPurification.generatorU_eq_commutatorMatrix (uses it)	PASS-EQUIVALENT	-	-	Used internally; trivial.
F-08	02_framework.tex:l.40-41	Both purifications have physical reduced density rho(t)	CanonicalPurification.physicalPartialTrace, both_physical_reduced_densities, physical_reduced_I, physical_reduced_U	PASS	-	-	Partial trace over the ancilla index is literal; PSD trace-one, no full rank.
F-09	02_framework.tex:eq:abbreviations	C_M, S_X, K_X; K_X seed ss^dag has norm one; generator [G_X,.]	PurificationBranches.spread, pureOperator; PhysicalCurvatureNecessary.mixedComplexity, spread_actual; PureShortTime.pureVector_unit	PASS	-	-	Faithful literal generic-GS encodings of all four source quantities exist (but see F1: the concrete witnesses are never evaluated in them).
F-10	02_framework.tex:eq:spectral-formula	phi_n(t)=int p_n e^{-itx} dnu, p_n orthonormal, may be chosen real	HermitianSpectralFormula.spectral_data, spectral_amplitudes, spectral_weights_normalized; PhysicalSpectralPolynomials.physical_spectral_data	PASS-EQUIVALENT	-	-	Arbitrary Hermitian H, complex seed, actual GS, real polynomials; atomic integral as finite sum over eigen-indices. Operator chains by instantiation with the Hermitian commutator matrix.
F-11	02_framework.tex:l.61-62	Repeated values merged; chain length = number of positive-weight distinct atoms	HermitianSpectralFormula.gs_length_positive_atoms; FiniteSpectralSupport.mem_atoms_iff_weight_pos; HermitianSpectralSupport.cyclic_dimension	PASS	-	-	Actual GS cardinality, not an auxiliary degree or upper bound.
F-12	02_framework.tex:eq:gap-measures	nu_M and nu_{S,U*} weights |rho_ab|^2/P, |(sqrt rho)_ab|^2 at E_a-E_b	OperatorBridge.hsInner_polynomial_evolved, group_gap_weights, gapWeight, liouvillian_pow_entry	PASS-EQUIVALENT	-	-	Energy-basis moment/amplitude identity valid for every polynomial and time characterizes the measure; normalization by P / unit root separately proved.
F-13	02_framework.tex:l.70-71	nu_{S,I}=sum_a rho_aa delta_{E_a}	Purification.rowWeight_eq_density_diagonal; UniversalQubit.physical_root_row_weights	PASS-EQUIVALENT	-	-	Row weights of the purification amplitude = density diagonal.
F-14	02_framework.tex:eq:difference-convolution	nu_{K,I}=sum rho_aa rho_bb delta_{E_a-E_b}	Purification.pure_gap_difference_convolution	PASS	-	-	-
F-15	02_framework.tex:l.76-77	Vectorized pure-state measure is the difference convolution (general)	Purification.pure_gap_difference_convolution (arbitrary S)	PASS-EQUIVALENT	-	-	-
F-16	02_framework.tex:l.79-80	Equality of frequency support does not order complexities	-	OUT-OF-SCOPE	-	-	Qualitative remark illustrated by PL/PR.
L3	02_framework.tex:lem:three	nu_mu has complexity F(mu;t) for 0<mu<1; same at mu=0,1; gap omega rescales t	Qubit.matrixChainComplexity_eq, threeAtom_exp_amplitudes, jacobi_cube, endpoint_zero_termination, endpoint_one_termination, threeAtom_krylov_independent; UniversalQubit.chainProbability_affine; ThreeAtomOperator.complexity_eq_threeAtom	FAIL-BRIDGE	MODERATE	F1	'Complexity' is Qubit.matrixChainComplexity (standard basis of the Jacobi matrix) or chainComplexity over certified chains; no theorem equates it with FactorTwoFinite.complexity for any (G,v) with measure nu_mu. All scalar/measure content (b^2, J^3=J, amplitudes, F, endpoints) is proved.
L3-a	02_framework.tex:eq:three-function	F(mu;t)=mu sin^2 t+8mu(1-mu)sin^4(t/2)	Qubit.threeAtom, weighted_probabilities, matrixChainComplexity_eq	FAIL-BRIDGE	MODERATE	F1	As L3.
L3-b	02_framework.tex:eq:three-amplitudes	Amplitudes (1-mu+mu cos t, -i sqrt mu sin t, sqrt(mu(1-mu))(cos t-1))	Qubit.threeAtom_exp_amplitudes, amplitudes_normSq, jacobi_cube	PASS	-	-	Actual NormedSpace.exp of the Jacobi matrix; unit sum.
LR	02_framework.tex:lem:return	1-|A|^2<=C<=(m-1)(1-|A|^2); positive flows A in [0,1]; m<=5 gives D<=C<=8D	ActualReturnBounds.actual_return_bounds, length_eq_cyclic_finrank; PhysicalReturnComparison.source_return_bounds, spread_return_amplitude, mixed_return_amplitude, source_loss_bounds	PASS	-	-	Generic GS API, any self-adjoint L, true cyclic length; literal trace returns.
LR-a	02_framework.tex:eq:return-bound	Return bound	ActualReturnBounds.actual_return_bounds	PASS	-	-	-
LR-b	02_framework.tex:eq:loss-bound	D<=C<=8D for m<=5	PhysicalReturnComparison.source_loss_bounds	PASS	-	-	Independent length premises per chain.
PL	03_hierarchy.tex:prop:left	Full-rank qutrit lower-side witness at t=pi	ConcreteChains.left_operator_gap, left_operator_violation	FAIL-BRIDGE	MAJOR	F1	Stated for ConcreteChains.chainComplexity over hand-built monic-polynomial chains (certified orthogonal/recurrent/complete) and with S_U* represented as operator complexity of sqrt(rho_L); no theorem connects these to FactorTwoFinite.complexity / PurificationBranches.spread / mixedComplexity. Numbers independently confirmed by true GS.
PL-a	03_hierarchy.tex:eq:left-state	H_L=diag(2,0,1), rho_L	States.rhoL, hL, energyL, rhoL_trace, rhoL_posDef, hL_hermitian; UnitaryCovariance.complex_rhoL_posDef	PASS	-	-	Matrices verified by #print.
PL-b	03_hierarchy.tex:eq:left-values	S_U*(pi)=82/441, C_M(pi)=1074/8281, gap 4192/74529>0	ConcreteChains.LeftSpread.exact_complexity, LeftMixed.exact_complexity, left_operator_gap	FAIL-BRIDGE	MAJOR	F1	As PL.
PL-c	03_hierarchy.tex:eq:left-root	sqrt(rho_L)=(1/(2sqrt21))[[8,0,0],[0,3,1],[0,1,3]], P_L=13/21	States.rootL, rootL_is_positive_square_root, rhoL_purity; UnitaryCovariance.complex_rootL_canonical	PASS	-	-	Canonical mathlib PSD square root over C.
PL-d	03_hierarchy.tex:eq:left-weights	mu_S=1/42, mu_K=3/182; S_U*(t)=F(mu_S;t), C_M(t)=F(mu_K;t) for all t	States.left_spread_gap_weights, left_mixed_gap_weights; ConcreteChains.LeftSpread/LeftMixed.probability_eq_spectral	FAIL-BRIDGE	MODERATE	F1	Weights proved (measure level); the all-time complexity identities only in the chain API.
PL-e	03_hierarchy.tex:l.17	Eigenvalues 16/21,4/21,1/21, all positive	States.rhoL_posDef	PASS-EQUIVALENT	-	-	Proof step; positivity proved directly by quadratic form; eigenvalue list independently verified, not encoded.
PR	03_hierarchy.tex:prop:right	Full-rank qutrit upper-side witness at pi/3, and on 0<t<1/2704	PurifiedCovariance.original_right_gap, original_right_violation; RightIntervalBound.original_lower_bound	FAIL-BRIDGE	MAJOR	F1	Stated for UnitaryCovariance.matrixProbability sums over hand-built chains (actual exp, actual lift(H_R), canonical seed) with no GS bridge.
PR-a	03_hierarchy.tex:eq:right-state	rho_R, H_R; strictly positive, P_R=1/2, sqrt=diag(4,1,3)/sqrt26	States.rhoR, hR, rhoR_trace, rhoR_posDef, rhoR_purity, rootR_is_positive_square_root; UnitaryCovariance.complex_rhoR_posDef, complex_rootR_canonical	PASS	-	-	-
PR-b	03_hierarchy.tex:eq:right-values	C_M(pi/3)=1141425/913952, K_I(pi/3)=2967537/2456246, gap 1600683/39299936	UnitaryCovariance.right_original_complexity; PurifiedCovariance.original_complexity, original_right_gap	FAIL-BRIDGE	MAJOR	F1	As PR.
PR-c	03_hierarchy.tex:eq:right-measures	Supports/weights of nu_M and nu_{K,I}; purified energy weights 17/52,9/26,17/52	States.right_mixed_gap_weights, right_purified_gap_weights, rhoR_energy_basis, rhoRE; PurifiedChain.row_weights	PASS-EQUIVALENT	-	-	Measure-level, energy basis.
PR-d	03_hierarchy.tex:l.69-70	Chains terminate exactly at lengths 3 and 5	ConcreteChains.RightMixed.cyclic_dimension; PurifiedChain.cyclic_dimension	PASS-EQUIVALENT	-	-	finrank of the actual cyclic subspaces (energy coordinates); equals GS length via length_eq_cyclic_finrank after unitary transport (not packaged, standard).
PR-e	03_hierarchy.tex:eq:right-curvatures	C_M=225/169 t^2+O(t^4), K_I=221/169 t^2+O(t^4); equal ||[H,rho]||^2/P and 2Var(H)	PerturbedDynamics.mixed_curvature, purified_curvature, actual_quartic_remainder; Perturbation.mixedCurvature, purifiedCurvature, curvature_gap	PARTIAL	MODERATE	F4	Physical identification of the coefficients and 4/169 gap proved (generic API); explicit values 225/169, 221/169 appear in no theorem (auditor probe proves them by norm_num); quartic remainder proved only for t>0.
PR-f	03_hierarchy.tex:eq:right-interval	C_M-K_I >= 4/169 t^2-64t^3 >0 on 0<t<1/2704	RightIntervalBound.original_lower_bound	FAIL-BRIDGE	MAJOR	F1	Exact bound on full interval (alternative polynomial/cosine route), but in the chain API.
QB	03_hierarchy.tex:thm:qubit	For every qubit rho, Hermitian H, real t: S_U*<=C_M<=K_I	UniversalQubit.hierarchy, hierarchy_with_certified_chains, spread_chain_certificate, mixed_chain_certificate, purified_chain_certificate	FAIL-BRIDGE	MAJOR	F1	Quantifiers correct (all PSD trace-one 2x2 complex rho, all Hermitian H, all t, incl. pure/max-mixed/zero-gap) but spread/mixed/purified are matrixComplexity over PaddedLanczos chains; no link to generic GS. Auditor check: formulas equal true GS to 1.7e-39 on 30 random qubits.
QB-a	03_hierarchy.tex:thm:qubit (consequence)	Physical dimension three is minimal for failure of either side	UniversalQubit.qubits_obey_and_qutrits_violate, one_dimensional_commutator, one_dimensional_chain_certificate	PARTIAL	MODERATE	F2	Conjunction of three statements in three different complexity APIs; d=1 only as vanishing commutator, no complexity statement (K_I on doubled space not covered).
QB-b	03_hierarchy.tex:eq:qubit-mus	Three-atom forms with mu_S=(1-sqrt(1-z))(1-c)/2, mu_K=z(1-c)/(1+z), mu_I=(1-zc)/2	Qubit.muS, muK, muI (scalar); PhysicalQubit.spreadCoefficient, mixedCoefficient, purifiedCoefficient; UniversalQubit.spread_eq, mixed_eq, purified_eq	PARTIAL	MODERATE	F3	Physical three-atom form proved with coherence-based coefficients; the displayed (z,c) formulas exist only as scalar functions never equated to the physical coefficients (eigenvalue contrast / Bloch angle). Auditor verified the equality by hand.
QB-c	03_hierarchy.tex:eq:qubit-order	mu_K/mu_S=(sqrt p1+sqrt p2)^2/(p1^2+p2^2)>=1; mu_I-mu_K=(1-z)(1+zc)/(2(1+z))>=0	Qubit.coefficient_order; PhysicalQubit.coefficient_hierarchy, sqrt_coherence_le	PASS-EQUIVALENT	-	-	Orderings proved (scalar and physical); displayed ratio/difference identities not encoded (alternative cross-multiplied route); identities verified symbolically by auditor.
QB-d	03_hierarchy.tex:l.114-129	Parameters in [0,1/2]; F nondecreasing on [0,1/2]; endpoints via terminated chains	PhysicalQubit.coefficient_hierarchy; Qubit.threeAtom_mono, threeAtom_sub; UniversalQubit.stationary_complexity, ThreeWeights.complexity_eq	PASS-EQUIVALENT	-	-	Monotonicity via exact difference factorization instead of derivative.
QB-e	03_hierarchy.tex:l.128-129	Stationary mixed dynamics need not imply stationary I-purification dynamics	-	OUT-OF-SCOPE	-	-	Explanatory proof remark; the ordering it comments on is QB. Not encoded (trivially true, e.g. rho=I/2, H=sigma_z).
PB	03_hierarchy.tex:prop:robust	0<|delta|<1/sqrt135: no common reducing projection; fails at sufficiently small positive times	PerturbedDynamics.robust_qutrit_witness; Perturbation.no_common_nontrivial_idempotent	PASS	-	-	Generic GS API (actualComplexity); exact hypothesis; conclusion exists eps>0 forall t in (0,eps). Irreducibility proved for every idempotent and every delta!=0 (stronger).
PB-a	03_hierarchy.tex:eq:perturbed-H	H_delta	Perturbation.hamiltonian, hermitian; PerturbedDynamics.complexHamiltonian, purifiedGenerator	PASS	-	-	-
PB-b	03_hierarchy.tex:eq:robust-gap	delta=1/20,t=1/20000: C_M-K_I>=378247/21125000000000000	PerturbedDynamics.perturbed_finite_lower_bound, perturbed_finite_violation	PASS-STRONGER	-	-	Stronger quartic remainder yields the exact displayed bound; auditor true-GS value 3.920e-11.
PB-c	03_hierarchy.tex:eq:robust-curvature	k_K-k_I=(4-540delta^2)/169>0	Perturbation.curvature_gap, curvature_gap_positive; PerturbedDynamics.mixed_curvature, purified_curvature	PASS	-	-	Scalar identified with actual normalized commutator norms.
FT	04_factor_two.tex:thm:factor	Finite-dim, Hermitian G, unit psi, all real t: C_K(sigma(t))>=2C_S(psi(t)); stationary/degenerate/terminating included	FactorTwoTheorem.finite_dimensional_factor_two	PASS	-	-	Arbitrary Fintype, no nondegeneracy; both sides generic GS complexity; cyclic memberships derived from the actual exponential.
FT-a	04_factor_two.tex:eq:factor-two	Factor-two inequality	FactorTwoTheorem.finite_dimensional_factor_two	PASS	-	-	-
FT-b	04_factor_two.tex:eq:factor-vectorization	chi=psi(x)conj psi, L=G(x)I-I(x)conj G, chi(t)	FactorTwo.outer, pureSeed, rowVectorize, hilbertOuter; PerturbedDynamics.liouvillian_rowVectorize, evolution_rowVectorize; FactorTwoTheorem.pure_conjugation	PASS	-	-	Row-vectorization/conjugation conventions checked.
FT-c	04_factor_two.tex:eq:flags	V_n, W_n and V_n subset W_n	FactorTwo.operatorKrylovFlag, orthogonalTensorFlag, hilbert_flag_inclusion, pure_operatorKrylovFlag_le	PASS	-	-	Derived from the Leibniz step; no completion.
FT-d	04_factor_two.tex:eq:tail-domination	Tail domination via nested projections	FactorTwoFinite.actual_tail_domination, actual_operator_projection_mass, actual_tensor_projection_mass	PASS	-	-	-
FT-e	04_factor_two.tex:eq:tail-sum	Tail sum gives 2C_S	Krylov.factor_two_of_tail_domination; FactorTwoFinite.factor_two	PASS	-	-	-
FT-f	04_factor_two.tex:l.15	Coefficient two is sharp	FactorTwoSharpnessGS.exact_saturation, excludes_larger_multiplier, universal_multiplier_le_two	PASS	-	-	Saturation proved in the SAME generic GS API via complexity_eq_finite and explicit GS computations.
FT-g	04_factor_two.tex:l.50-54	Short-time coefficients 2v and v for any nonstationary seed; ratio->2; stationary seed gives zero	PureShortTime.state_quadratic_limit, operator_quadratic_limit, pure_ratio_tendsto_two, stationary_zero	PASS	-	-	Punctured two-sided limits, arbitrary Hermitian G and unit psi, arbitrary mean energy.
FG	04_factor_two.tex:eq:flag-gap	C_K-2C_S=sum_n||(P_Wn-P_Vn)chi(t)||^2, sum terminates	PhysicalFlagGap.exact_gap, cutoff	PASS-EQUIVALENT	-	-	Finite truncation at cutoff derived from actual GS supports; all later terms vanish.
CB	04_factor_two.tex:cor:branches	K_I>=2S_I and K_U*>=2S_U* for actual normalized purification, all t; no full rank	PurificationBranches.K_I_ge_two_S_I, K_U_ge_two_S_U, both_branches, generatorI_hermitian, generatorU_hermitian	PASS	-	-	Branches not conflated; canonical seed normalization internal; other ancilla spaces (I-branch) by direct instantiation of FT.
CB-a	04_factor_two.tex:eq:branches	Same	same	PASS	-	-	-
RD-a	05_ratios.tex:eq:ratios	r=S/C, q=1/r, R=Pq	PhysicalTemporal.mainRatio, reciprocalRatio; TemporalRemovable.*Continued; PhysicalQubitCV.extendedRatio, extendedReciprocal, extendedPurityRatio; PhysicalRatios.fixedContinuedRatio	PASS	-	-	Definitions; total quotient plus genuine continuous extensions.
RD-b	05_ratios.tex:eq:cv-definition	<f>=(1/T)int_0^T f, CV^2=<f^2>/<f>^2-1	Temporal.periodMean, cvSquared; PhysicalTemporal.coefficientOfVariation	PASS	-	-	T=2pi, uniform measure.
MR	05_ratios.tex:thm:main-ratio	Main-ratio CV unbounded; eps=1e-10 gives CV>80	PhysicalTemporal.main_cv_lower, main_cv_unbounded, main_finite_witness; TemporalRemovable.main_cv_preserved	FAIL-BRIDGE	MAJOR	F1	Complexities are FiveAtomFamilies.mainSpread/mainMixed (chainComplexity over certified five-node chains); no GS bridge. Quantifiers, ranges and constants otherwise exact.
MR-a	05_ratios.tex:eq:main-family	H, B, rho_eps=(1-eps)B(+)eps B, 0<eps<=1/4; full rank	TemporalStates.mainState, energy, mainState_trace, mainState_posDef, mainRoot_is_positive_square_root; ComplexAdmissibility.MainTemporal.state_posDef, root_canonical	PASS	-	-	-
MR-b	05_ratios.tex:eq:main-cv	CV(r)^2>=289/(132710400 pi eps)-1 -> infinity	PhysicalTemporal.main_cv_lower, main_cv_unbounded	FAIL-BRIDGE	MAJOR	F1	-
MR-c	05_ratios.tex:eq:main-losses	D_S, D_K exact return-loss formulas	TemporalStates.main_return_loss_coefficients; ReturnLoss.mainSpreadLoss_eq_return, mainMixedLoss_eq_return; FiveAtom.zero_amplitude	PASS	-	-	Actual HS overlaps of the actual seeds (= normalized traces).
MR-d	05_ratios.tex:eq:main-f	f_eps two closed forms	ReturnLoss.main_loss_ratio; TemporalFamilies.mainRatio, mainRatio_decomposition	PASS	-	-	Scalar.
MR-e1	05_ratios.tex:eq:main-mean	<f_eps> closed form <=68/81<1	TemporalFamilies.main_period_mean, mainMeanFormula_bound, main_period_mean_bound	PASS	-	-	Scalar integral identity.
MR-e2	05_ratios.tex:eq:main-mean	<r> <= 8	internal to TemporalMeasure.main_cv_of_measurable_envelope	FAIL-BRIDGE	MODERATE	F1	Not exported as a theorem; chain-API r.
MR-f1	05_ratios.tex:eq:main-window	c<=eps^2/4, D0>=1/2, f>=17/(180eps) on |t-pi|<=eps	TemporalFamilies.cos_half_peak, mainRatio_time_peak	PASS	-	-	Scalar.
MR-f2	05_ratios.tex:eq:main-window	r>=17/(1440eps); <r^2> >= 289/(2073600 pi eps)	internal to TemporalMeasure.main_cv_of_measurable_envelope	FAIL-BRIDGE	MODERATE	F1	-
MR-g	05_ratios.tex:l.52-54	Eigenvalues; D0; P=17D0/25; sqrt B	TemporalStates.mainState_posDef, mainState_purity, mainRoot_is_positive_square_root	PASS-EQUIVALENT	-	-	Positivity proved directly; eigen-list verified by auditor, not encoded.
MR-h	05_ratios.tex:l.64-65	Both chains have exactly five frequencies 0,+-1,+-2 with positive weights; f/8<=r<=8f	FiveAtomFamilies.mainRoot_data, mainState_data, mainSpread_loss_bounds, mainMixed_loss_bounds	FAIL-BRIDGE	MODERATE	F1	Positive five-atom weights proved (measure level); r-envelope in chain API.
MR-i	05_ratios.tex:l.49,91-92	eps=1e-10 gives CV(r)>80 (pi<22/7)	PhysicalTemporal.main_finite_witness; Temporal.main_finite_threshold	FAIL-BRIDGE	MAJOR	F1	Transfer to continued ratio by main_cv_preserved.
RC	05_ratios.tex:thm:reciprocal	Reciprocal-ratio CV unbounded; CV(R)=CV(q); eta=1e-5 gives CV(q)>40	PhysicalTemporal.reciprocal_cv_lower, reciprocal_cv_unbounded, reciprocal_finite_witness, purity_rescaled_cv_eq; TemporalRemovable.reciprocal_cv_preserved, reciprocal_scaled_cv_preserved	FAIL-BRIDGE	MAJOR	F1	As MR.
RC-a	05_ratios.tex:eq:reciprocal-family	A_eta, rho_eta=A^2/N, eps=eta^2, 0<eps<=1/16; full rank	TemporalStates.reciprocalRaw, reciprocalState_eq_normalized_square, reciprocalState_trace, reciprocalState_posDef, reciprocalRoot_is_positive_square_root; ComplexAdmissibility.ReciprocalTemporal.*	PASS	-	-	-
RC-b1	05_ratios.tex:eq:reciprocal-cv	CV(q)^2>=1/(1679616 pi eps)-1 -> infinity	PhysicalTemporal.reciprocal_cv_lower, reciprocal_cv_unbounded	FAIL-BRIDGE	MAJOR	F1	-
RC-b2	05_ratios.tex:eq:reciprocal-cv	CV(R)=CV(q)	Temporal.cvSquared_scale; PhysicalTemporal.purity_rescaled_cv_eq	PASS	-	-	Scaling invariance proved for arbitrary functions, so it holds for the true q.
RC-c	05_ratios.tex:eq:reciprocal-traces	N, T4, P=T4/N^2	TemporalFamilies.reciprocalN, reciprocalT; TemporalStates.reciprocalRaw_trace_square, reciprocalRaw_trace_fourth, reciprocalState_purity	PASS	-	-	-
RC-d	05_ratios.tex:eq:reciprocal-losses	D_S, D_K	TemporalStates.reciprocal_return_loss_coefficients; ReturnLoss.reciprocalSpreadLoss_eq_return, reciprocalMixedLoss_eq_return; FiveAtom.zero_amplitude	PASS	-	-	-
RC-e	05_ratios.tex:eq:reciprocal-g	g_eps formula	ReturnLoss.reciprocal_loss_ratio; TemporalFamilies.reciprocalRatio_decomposition	PASS	-	-	Scalar.
RC-f1	05_ratios.tex:eq:reciprocal-mean	<g> closed form <=27eps; 2<=N,T4<=3	TemporalFamilies.reciprocal_period_mean, reciprocalMeanFormula_bound, reciprocal_period_mean_bound, reciprocal_trace_bounds	PASS	-	-	-
RC-f2	05_ratios.tex:eq:reciprocal-mean	<q> <= 216 eps	internal to TemporalMeasure.reciprocal_cv_of_measurable_envelope	FAIL-BRIDGE	MODERATE	F1	-
RC-g1	05_ratios.tex:eq:reciprocal-window	g>=2N/T4>=4/3 on the window	TemporalFamilies.reciprocalRatio_time_peak	PASS	-	-	-
RC-g2	05_ratios.tex:eq:reciprocal-window	q>=1/6; <q^2> >= eps/(36pi)	internal to TemporalMeasure.reciprocal_cv_of_measurable_envelope	FAIL-BRIDGE	MODERATE	F1	-
RC-h	05_ratios.tex:l.123-131	Eigenvalues 3eta,eta,1+-eta^3; sqrt(rho)=A/sqrt N; five positive atoms; g/8<=q<=8g	TemporalStates.reciprocalState_posDef, reciprocalRoot_is_positive_square_root; FiveAtomFamilies.reciprocalRoot_data, reciprocalState_data, reciprocalSpread_loss_bounds, reciprocalMixed_loss_bounds	FAIL-BRIDGE	MODERATE	F1	Measure-level content proved; q-envelope in chain API.
RC-i	05_ratios.tex:l.120,155	eta=1/100000 gives CV(q)>40	PhysicalTemporal.reciprocal_finite_witness	FAIL-BRIDGE	MAJOR	F1	-
REC	05_ratios.tex:l.164-175	Zero set exactly 2piZ; finite positive removable limits; pi not a global recurrence; integrals finite	FiveAtomRemovable.complexity_zero_iff, ratio_removable_limit; TemporalRemovable.main_limit_at_every_period, reciprocal_limit_at_every_period, reciprocal_scaled_limit; TemporalMeasure.envelope_integrable	FAIL-BRIDGE	MODERATE	F1	Genuine punctured two-sided limits (nhdsWithin t0 {t0}^c), continuous positive extensions, exact zero set — all for chain-API complexities.
FP	05_ratios.tex:thm:purity	d=4, H=diag(2,3,0,1), P=1/2: uniform bounds on r for all t; r and its period mean diverge uniformly; q, Pq -> 0 uniformly	PhysicalRatios.fixed_physical_uniform_bounds, fixed_physical_periodMean_bounds, fixed_physical_periodMean_unbounded, fixed_physical_reciprocal_uniform_small; FixedPurityCompletion.uniformly_diverges, purity_reciprocal_uniform_small	FAIL-BRIDGE	MAJOR	F1	Exact fixed purity 1/2 and fixed H for every eps (no weakening to approaching purity); complexities are ThreeAtomOperator chain complexities.
FP-a	05_ratios.tex:eq:purity-family	a_+-, rho_eps; full rank; purity exactly 1/2	FamilyStates.fixedState, fixedEnergy, fixedState_posDef, fixedState_trace, fixedState_purity, fixedRoot_is_positive_square_root; ComplexAdmissibility.FixedPurity.*	PASS	-	-	-
FP-b	05_ratios.tex:eq:purity-bounds	(5/(18eps))(1-eps/10)<=r<=5/(18eps), all real t	PhysicalRatios.fixed_physical_uniform_bounds, fixedContinuedRatio_continuous	FAIL-BRIDGE	MAJOR	F1	-
FP-c	05_ratios.tex:eq:purity-positive	(1-eps)^2-(2eps-59eps^2/25)=(1-14eps/5)(1-6eps/5)>0	Ratios.fixedPurity_eigenvalue_certificate	PASS	-	-	Radicand/eigenvalue positivity, sum 1, squares 1/2 proved; factorization used internally (verified by auditor).
FP-d	05_ratios.tex:eq:purity-ratio	mu_K=9eps^2/25, mu_S=eps/10; exact r formula	FamilyStates.fixedRoot_gap_weights, fixedState_gap_weights; ThreeAtomOperator.fixed_operator_quotient; PhysicalRatios.fixedContinuedRatio_eq	FAIL-BRIDGE	MODERATE	F1	Weights proved; ratio identity in chain API.
FP-e	05_ratios.tex:l.215-216	Removable value 5/(18eps) at 2piZ; bounds apply to period mean	PhysicalRatios.fixedContinuedRatio, fixedContinuedRatio_continuous, fixed_physical_periodMean_bounds; Ratios.fixedPurity_at_recurrence	FAIL-BRIDGE	MODERATE	F1	-
FP-f	05_ratios.tex:l.219-222	No finite purity-only upper control of r/mean; no positive purity-only lower control of q, Pq	derived from FP	FAIL-BRIDGE	MODERATE	F1	-
QCV	06_survivors.tex:prop:qubit-cv	Nonstationary qubit, any probability-weighted average: CV(r),CV(q),CV(R)<=(k*-1)/(2sqrt k*)	PhysicalQubitCV.physical_qubit_cv_of_commutator_ne, nonstationary_iff_commutator_ne, continuous_extendedRatio, ratio_eq_actual	FAIL-BRIDGE	MAJOR	F1	Hypothesis is exactly [H,rho]!=0 (physical, not a surrogate); every probability measure; removable extension genuine; but r is UniversalQubit spread/mixed (chain API).
QCV-a	06_survivors.tex:eq:qubit-cv	kappa*=(17+7sqrt7)/27 and the CV bound	RestrictedCV.kappaStar; PhysicalQubitCV.physical_qubit_cv_of_commutator_ne	FAIL-BRIDGE	MAJOR	F1	-
QCV-b	06_survivors.tex:l.15	Bound approximately 0.1375633885	-	OUT-OF-SCOPE	-	F6	Informal decimal gloss of a formalized exact expression; auditor value 0.13756338852190...; not in the package ledger.
QCV-c	06_survivors.tex:l.15-16	No attainment claim	-	PASS	-	-	No attainment asserted in Lean either.
QCV-d	06_survivors.tex:eq:qubit-range	mu_S=(1-y)h/2, mu_K=(1-y^2)h/(2-y^2), kappa=max r/min r=(1-mu_S)/(1-mu_K)	PhysicalQubitCV.physical_parameterization; QubitRange.ratio_extrema, exact_range_factor, all_range_factors_of_commutator_ne, rangeFactor	FAIL-BRIDGE	MODERATE	F1	Exact attained extrema proved for the chain-API continued ratio; h not identified with sin^2 theta (see F3).
QCV-e	06_survivors.tex:eq:kappa-max	kappa<=(1+y)(2-y^2)/2<=kappa*, y_max=(sqrt7-1)/3	RestrictedCV.range_gap_factorization, rangePolynomial_le_kappaStar, qubit_range_factor_bound; QubitRange.optimizing_parameter_admissible, rangePolynomial_at_optimizer	PASS-EQUIVALENT	-	-	Exact factorization replaces the second-derivative argument.
QCV-f	06_survivors.tex:eq:bounded-variance	Var<=(M-EX)(EX-m); CV<=(M-m)/(2sqrt(mM))	ProbabilityTheory.variance_le_sub_mul_sub; RestrictedCV.relative_variance_bound, bounded_cv, cv_of_range_factor	PASS	-	-	-
QCV-g	06_survivors.tex:l.46-48	Stationary 0/0 excluded; qubit bound excludes dimension two for temporal no-go	hypothesis [H,rho]!=0; derived from QCV	FAIL-BRIDGE	MODERATE	F1	-
RT	06_survivors.tex:cor:return-comparison	Both return losses nonzero: bounds on r with m_S, m_K	PhysicalReturnComparison.physical_return_comparison, source_lengths, spread_length_literal	PASS	-	-	Literal generic API: r = PurificationBranches.spread(generatorU)/mixedComplexity; A!=1 equivalent to nonzero loss since A in [0,1] proved.
RT-a	06_survivors.tex:eq:returns	A_S=Tr(sqrt rho(t) sqrt rho), A_K=Tr(rho(t)rho)/P	PhysicalReturnComparison.spreadReturn, mixedReturn, spread_return_amplitude, mixed_return_amplitude	PASS	-	-	-
RT-b	06_survivors.tex:eq:state-dependent	Ratio bounds	PhysicalReturnComparison.physical_return_comparison	PASS	-	-	-
CN	06_survivors.tex:eq:curvature-necessary	All-time hierarchy implies ||[H,sqrt rho]||^2<=||[H,rho]||^2/P<=2Var_rho(H)	PhysicalCurvatureNecessary.hierarchy_forces_curvature	PASS	-	-	Hypothesis is the literal all-time hierarchy in the generic API; PSD trace-one; no extra regularity/nonstationarity assumption.
CN-a	06_survivors.tex:l.82	Displayed counterexamples violate the respective curvature comparisons	Perturbation.curvature_gap (delta=0) + PerturbedDynamics.mixed_curvature/purified_curvature (right only)	PARTIAL	MODERATE	F4	Right witness derivable; left witness (1/42 > 3/182) not encoded.
S63	06_survivors.tex:sec 6.3; 07_discussion.tex	Mechanism narrative; discussion	-	OUT-OF-SCOPE	-	-	Qualitative; no new quantified claim.
AL	appendix_certificates.tex:eq:left-probabilities	p^M, p^{S,U*} at pi	Spectral.LeftMixed.probabilities, LeftSpread.probabilities, time_probabilities; ConcreteChains.LeftMixed/LeftSpread.exact_probabilities	FAIL-BRIDGE	MODERATE	F1	Values confirmed by auditor's true-GS computation.
AR1	appendix_certificates.tex:eq:right-lanczos	b_n^2 tables; zero diagonal	Spectral.RightMixed.bSquared, RightPurified.bSquared; ConcreteChains.RightMixed.ordered_recurrence; PurifiedChain.ordered_recurrence	FAIL-BRIDGE	MODERATE	F1	Recurrence of the certified chain; identification with GS Lanczos data not formalized; values confirmed by auditor's true Lanczos run.
AR2	appendix_certificates.tex:eq:right-probabilities	Full probability vectors at pi/3	Spectral.RightMixed/RightPurified.time_probabilities; ConcreteChains.RightMixed.exact_probabilities; PurifiedCovariance.original_probability	FAIL-BRIDGE	MODERATE	F1	Confirmed by auditor's true GS on 9- and 81-dimensional spaces.
AR3	appendix_certificates.tex:l.31-33	Terminal polynomials x(x-2)(x+2), x(x-2)(x-1)(x+1)(x+2)	ordered_recurrence termination; cyclic_dimension	PASS-EQUIVALENT	-	-	Exact termination proved; explicit terminal polynomials not stated.
UL	appendix_certificates.tex:prop:unbounded-left	Real m>=4: full rank; S_U*>C_M for t not in 2piZ; r(pi)/m^2->1/9; no fixed c>0	PhysicalRatios.qutrit_all_time_strict, qutrit_physical_asymptotic; ThreeAtomOperator.qutrit_operator_no_positive_multiplier; FamilyStates.qutritState_posDef	FAIL-BRIDGE	MAJOR	F1	Quantifiers correct (ordinary limit over real m->infinity; sin(t/2)!=0 exactly excludes 2piZ; no-multiplier proved already on the family at t=pi, stronger) but chain API.
UL-a	appendix_certificates.tex:eq:m-family	rho_m	FamilyStates.qutritState, qutritRaw, qutritEnergy, qutritState_trace, qutritState_posDef, qutritRoot_is_positive_square_root; ComplexAdmissibility.Qutrit.*	PASS	-	-	-
UL-b	appendix_certificates.tex:eq:m-asymptotic	S_U*(pi)/C_M(pi) ~ m^2/9 -> infinity	PhysicalRatios.qutrit_physical_asymptotic, qutrit_peak_ratio	FAIL-BRIDGE	MAJOR	F1	-
UL-c	appendix_certificates.tex:eq:m-weights	P_m, mu_S, mu_K	FamilyStates.qutritState_purity, qutritRoot_gap_weights, qutritState_gap_weights; Ratios.qutritWeightS, qutritWeightK, qutrit_weights	PASS	-	-	-
UL-d	appendix_certificates.tex:eq:F-difference	F(a)-F(b)=(a-b)[sin^2 t+8(1-a-b)sin^4(t/2)]	Qubit.threeAtom_sub; Ratios.threeAtom_difference	PASS	-	-	-
UL-e	appendix_certificates.tex:l.54-61	Spectrum (m^2,4,1)/(m^2+5); numerator m^4-9m^2-28>0	FamilyStates.qutritState_posDef; Ratios.qutrit_weights, qutrit_eigenvalue_certificate	PASS-EQUIVALENT	-	-	-
PA	appendix_certificates.tex:eq:purity-anchor	rho_{1/10} explicit, P=1/2	FixedPurityCompletion.rational_anchor, rational_anchor_purity	PASS	-	-	-
TN	appendix_bounds.tex:eq:taylor-norm	|C'''|<=(2||L||)^3||N||; |C-kt^2|<=((2||L||)^3||N||/6)|t|^3	TaylorRemainder.abs_iteratedDeriv_le, quadratic_remainder; CubicRemainder.expectation_cubic_remainder, actual_cubic_remainder_general	PASS-EQUIVALENT	-	-	General, all real t, self-adjoint N, unit v, Nv=0.
TN-a	appendix_bounds.tex:l.10-13	Right witness: Liouvillian norms<=2, number norms 2,4, total 64|t|^3	-	PASS-EQUIVALENT	-	-	Proof steps of eq:right-interval replaced by an exact polynomial/cosine route (acknowledged); not separately encoded. The interval conclusion itself is PR-f (F1).
PRM	appendix_bounds.tex:eq:perturbed-remainder	delta=1/20: C_M-K_I>=53/3380 t^2-21296/125|t|^3 (all t); ||H||<=11/10; <=7 atoms; Liouvillian norms<=11/5	PerturbedCubicCertificate.source_cubic_lower_bound; RationalPowerCertificates.H_norm, L_norm; AncillaNormCertificate.purified_liouvillian_sharp_bound; NumberBoundSeven.number_bound_of_annihilator; Annihilator.degree_seven, lifted_degree_seven; CubicRemainder.actual_cubic_remainder_11_5_six	PASS	-	-	Generic GS API, every real t, exact constants; norm/atom bounds by equivalent certified routes.
INT	appendix_bounds.tex:eq:integral	(1/2pi)int dt/(a cos^2(t/2)+b)=1/sqrt(b(a+b)), a,b>0	Krylov.integral_inv_cos_half_sq, mean_inv_cos_half_sq	PASS-EQUIVALENT	-	-	Nonsingular primitive instead of tangent substitution.
MB	appendix_bounds.tex:l.35-40	Main mean <=68/81 and window bounds	TemporalFamilies.mainMeanFormula_bound, main_period_mean_bound, cos_half_peak, mainRatio_time_peak	PASS	-	-	Scalar.
RB	appendix_bounds.tex:l.42-48	2<=N,T4<=3; bracket<=9/2; window bounds	TemporalFamilies.reciprocal_trace_bounds, reciprocalMeanFormula_bound, reciprocalRatio_time_peak	PASS	-	-	Scalar.
PE	appendix_bounds.tex:eq:purity-endpoint	Fraction decreasing; endpoint (1-eps/10)/(1-9eps^2/25)>=1-eps/10	Ratios.fixedPurity_bounds, fixedPurity_denominator_pos	PASS	-	-	-
APPC	appendix_reproducibility.tex	Certificate map, AI certification, archival statements	-	OUT-OF-SCOPE	-	-	Non-mathematical provenance.
NOTE	docs/conjecture1_counterexamples.tex	Standalone Conjecture-1 note	-	OUT-OF-SCOPE	-	-	Declared communication derivative; its mathematics duplicates L3/PL/PR/QB (checked line by line).
