id	source_locator	source_statement	v4_category	lean_evidence	v2_external_verdict	audit_finding
I-0	01_introduction.tex:eq:source-hierarchy	Source Eq.(4) hierarchy S_U* <= C_M <= K_I (conjecture under test)	D	Outside retained theorem scope: Quoted conjecture; manuscript does not assert it. Its refutations are PL/PR.	OUT-OF-SCOPE	-
I-1	01_introduction.tex:l.43-44	All counterexamples use strictly positive density matrices at every allowed parameter	A	States.rhoL_posDef; States.rhoR_posDef; UnitaryCovariance.complex_rhoL_posDef, complex_rhoR_posDef; TemporalStates.mainState_posDef (0<eps<=1/4); TemporalStates.reciprocalState_posDef (eta>0, eta^2<=1/16); FamilyStates.fixedState_posDef (0<eps<5/18); FamilyStates.qutritState_posDef (m>=4); ComplexAdmissibility.*.state_posDef	PASS	-
I-2	01_introduction.tex; 04_factor_two.tex l.82-89	Prior-art/novelty/priority statements	D	Outside retained theorem scope: Bibliographic/priority prose; no mathematical claim.	OUT-OF-SCOPE	-
F-01	02_framework.tex:eq:evolution	U_t=exp(-itH), rho(t)=U rho U^dag, P=Tr rho^2	A	`UnitaryEvolution.propagator`, `CanonicalPurification.evolvedDensity_eq`, `evolvedDensity_trace`; `PhysicalCurvatureNecessary.purity` is the real trace of rho squared, identified with the HS norm by `purity_norm`.	PASS	-
F-02	02_framework.tex:eq:general-complexity	GS of v,Gv,G^2v,... until termination; C=sum n|phi_n|^2; sum|phi_n|^2=1; m = cyclic dimension	A	`FactorTwoFinite.GSIndex`, `gsFamily`, `probability`, `complexity`, `total_probability`; `ActualReturnBounds.evolution_mem_cyclic` and `PerturbedDynamics.evolution_norm` supply actual-evolution normalization; `KrylovTermination.zero_forces_later_zero` supplies exact termination.	PASS	-
F-03	02_framework.tex:l.18-19	Lanczos phase convention does not affect probabilities	A	BasisPhaseInvariant.amplitude_norm, complexity_invariant	PASS	-
F-04	02_framework.tex:l.21-27	HS inner product; L_H=[H,.] self-adjoint; normalized mixed seed rho/sqrt P	A	FactorTwo.rowVectorize_inner; PerturbedDynamics.liouvillian_selfAdjoint, liouvillian_rowVectorize; PhysicalCurvatureNecessary.normalizedSeed_eq_purity_seed	PASS	-
F-05	02_framework.tex:eq:purification	vec_r, s=vec_r sqrt(rho), ||s||=1, G_I=H(x)I, G_U*=H(x)I-I(x)conj(H), s_X(t)	A	`PurificationBranches.seed`, `seed_unit`, `generatorI`, `generatorU`; `CanonicalPurification.branchI_evolution`, `canonical_branchU`, `both_physical_reduced_densities` prove the literal exponentials, canonical root and physical marginals.	PASS-STRONGER	-
F-06	02_framework.tex:l.38-39	s_U*(t)=vec_r sqrt(rho(t))	A	CanonicalPurification.canonical_branchU, evolved_sqrt	PASS	-
F-07	02_framework.tex:l.39-40	conj(H)=H^T for Hermitian H	B	CanonicalPurification.generatorU_eq_commutatorMatrix (uses it)	PASS-EQUIVALENT	-
F-08	02_framework.tex:l.40-41	Both purifications have physical reduced density rho(t)	A	CanonicalPurification.physicalPartialTrace, both_physical_reduced_densities, physical_reduced_I, physical_reduced_U	PASS	-
F-09	02_framework.tex:eq:abbreviations	C_M, S_X, K_X; K_X seed ss^dag has norm one; generator [G_X,.]	A	`PurificationBranches.spread`, `pureOperator`; `PhysicalCurvatureNecessary.mixedComplexity`, `normalizedSeed_eq_purity_seed`, `spread_actual`; actual normalized mixed/root/rank-one seeds remain distinct.; MatrixGSBridge, CertifiedMatrixGS and source wrappers now connect all previously auxiliary families	PASS	-
F-10	02_framework.tex:eq:spectral-formula	phi_n(t)=int p_n e^{-itx} dnu, p_n orthonormal, may be chosen real	A	HermitianSpectralFormula.spectral_data, spectral_amplitudes, spectral_weights_normalized: arbitrary Hermitian generator, original complex seed, one real orthonormal polynomial family, actual normalized-GS degrees and actual exponential amplitudes. Finite atomic integrals are represented by the equal finite weighted sum; standalone export exit 0	PASS-EQUIVALENT	-
F-11	02_framework.tex:l.61-62	Repeated values merged; chain length = number of positive-weight distinct atoms	A	HermitianSpectralFormula.gs_length_positive_atoms; FiniteSpectralSupport.mem_atoms_iff_weight_pos; HermitianSpectralSupport.cyclic_dimension	PASS	-
F-12	02_framework.tex:eq:gap-measures	nu_M and nu_{S,U*} weights |rho_ab|^2/P, |(sqrt rho)_ab|^2 at E_a-E_b	A	`OperatorBridge.gapWeight`, `liouvillian_pow_entry`, `group_gap_weights`, `hsInner_polynomial_evolved`; `PhysicalCurvatureNecessary.normalizedSeed_eq_purity_seed` and `PurificationBranches.seed_unit` supply the P versus unit-root normalizations; repeated gaps are grouped by finite sums.	PASS-EQUIVALENT	-
F-13	02_framework.tex:l.70-71	nu_{S,I}=sum_a rho_aa delta_{E_a}	B	Purification.rowWeight_eq_density_diagonal; UniversalQubit.physical_root_row_weights	PASS-EQUIVALENT	-
F-14	02_framework.tex:eq:difference-convolution	nu_{K,I}=sum rho_aa rho_bb delta_{E_a-E_b}	A	`Purification.pure_gap_difference_convolution`, `rowWeight_eq_density_diagonal`; `UniversalQubit.physical_root_row_weights` identifies the energy weights with the actual density diagonal. Finite atomic measures are represented by their grouped weights.	PASS	-
F-15	02_framework.tex:l.76-77	Vectorized pure-state measure is the difference convolution (general)	B	Purification.pure_gap_difference_convolution (arbitrary S)	PASS-EQUIVALENT	-
F-16	02_framework.tex:l.79-80	Equality of frequency support does not order complexities	B	Retained substantive consequence. States.left_spread_gap_weights and left_mixed_gap_weights give the same three-node support with positive differing weights; WitnessSourceAPI.left_spread_eq, left_mixed_eq and prop_left transport the strict reversed ordering to canonical source complexities. QubitSourceAPI.source_hierarchy gives the opposing hierarchy for qubits. This is a finite Lean-derivable consequence, not out-of-scope prose.	OUT-OF-SCOPE	V4-5: stale D classification repaired; no new mathematical assumption.
L3	02_framework.tex:lem:three	nu_mu has complexity F(mu;t) for 0<mu<1; same at mu=0,1; gap omega rescales t	A	ThreeAtomSourceAPI.state_complexity_eq, actual_complexity_eq; CertifiedThreeAtomGS.actual_eq_threeAtom. Actual normalized GS, μ∈[0,1], every real frequency/time; true padded termination at both endpoints.	FAIL-BRIDGE	F1
L3-a	02_framework.tex:eq:three-function	F(mu;t)=mu sin^2 t+8mu(1-mu)sin^4(t/2)	A	ThreeAtomSourceAPI.state_complexity_eq and actual_complexity_eq; same generic complexity as the universal finite theorem, including both endpoints and signed/zero frequency.	FAIL-BRIDGE	F1
L3-b	02_framework.tex:eq:three-amplitudes	Amplitudes (1-mu+mu cos t, -i sqrt mu sin t, sqrt(mu(1-mu))(cos t-1))	A	`Qubit.threeAtom_exp_amplitudes`, `amplitudes_normSq`, `matrix_evolution_normalized`; `jacobi_cube` and `Qubit.jacobi_lanczos_zero`, `Qubit.jacobi_lanczos_one`, `Qubit.jacobi_lanczos_two` identify the actual exponential and terminated Jacobi chain.	PASS	-
LR	02_framework.tex:lem:return	1-|A|^2<=C<=(m-1)(1-|A|^2); positive flows A in [0,1]; m<=5 gives D<=C<=8D	A	`ActualReturnBounds.actual_return_bounds`, `length_eq_cyclic_finrank`; `PhysicalReturnComparison.source_return_bounds`, `source_individual_bounds`, `source_loss_bounds` derive trace returns, normalization and each length-at-most-five loss inequality.	PASS	-
LR-a	02_framework.tex:eq:return-bound	Return bound	A	`ActualReturnBounds.actual_return_bounds` proves the actual GS inequality with true cyclic length, deriving probability normalization and the zeroth amplitude; `length_eq_cyclic_finrank` rules out an ambient-dimension substitution.	PASS	-
LR-b	02_framework.tex:eq:loss-bound	D<=C<=8D for m<=5	A	`PhysicalReturnComparison.source_loss_bounds`; each actual root/mixed chain independently satisfies D<=C<=8D when its own cyclic length is at most five. Positivity and A<=1 are supplied by `source_return_bounds`.	PASS	-
PL	03_hierarchy.tex:prop:left	Full-rank qutrit lower-side witness at t=pi	A	WitnessSourceAPI.prop_left; left_spread_eq / left_mixed_eq identify the canonical source quantities with the certified chains at every real time through CertifiedGS.	FAIL-BRIDGE	F1
PL-a	03_hierarchy.tex:eq:left-state	H_L=diag(2,0,1), rho_L	A	`States.rhoL`, `hL`, `rhoL_trace`, `rhoL_posDef`, `hL_hermitian`; `UnitaryCovariance.complex_rhoL_posDef` transports positivity to the complex Hilbert space.	PASS	-
PL-b	03_hierarchy.tex:eq:left-values	S_U*(pi)=82/441, C_M(pi)=1074/8281, gap 4192/74529>0	A	WitnessSourceAPI.prop_left: literal source spread 82/441, mixed 1074/8281 and positive difference 4192/74529.	FAIL-BRIDGE	F1
PL-c	03_hierarchy.tex:eq:left-root	sqrt(rho_L)=(1/(2sqrt21))[[8,0,0],[0,3,1],[0,1,3]], P_L=13/21	A	`States.rootL`, `rootL_square`, `rootL_is_positive_square_root`, `rhoL_purity`; `UnitaryCovariance.complex_rootL_canonical` gives the canonical complex root.	PASS	-
PL-d	03_hierarchy.tex:eq:left-weights	mu_S=1/42, mu_K=3/182; S_U*(t)=F(mu_S;t), C_M(t)=F(mu_K;t) for all t	A	States.left_spread_gap_weights / left_mixed_gap_weights; WitnessSourceAPI.left_spread_eq / left_mixed_eq and CertifiedFamilyGS.three_atom_formula give the actual generic-GS quantities.	FAIL-BRIDGE	F1
PL-e	03_hierarchy.tex:l.17	Eigenvalues 16/21,4/21,1/21, all positive	A	FamilyEigenvalues.left_charpoly / left_roots	PASS-EQUIVALENT	-
PR	03_hierarchy.tex:prop:right	Full-rank qutrit upper-side witness at pi/3, and on 0<t<1/2704	A	WitnessSourceAPI.prop_right and right_interval: original physical matrices, canonical rank-one seed, exact π/3 values and the entire 0<t<1/2704 interval.	FAIL-BRIDGE	F1
PR-a	03_hierarchy.tex:eq:right-state	rho_R, H_R; strictly positive, P_R=1/2, sqrt=diag(4,1,3)/sqrt26	A	`States.rhoR`, `hR`, `rhoR_trace`, `rhoR_posDef`, `rhoR_purity`, `rootR_is_positive_square_root`; `UnitaryCovariance.complex_rhoR_posDef`, `complex_rootR_canonical`.	PASS	-
PR-b	03_hierarchy.tex:eq:right-values	C_M(pi/3)=1141425/913952, K_I(pi/3)=2967537/2456246, gap 1600683/39299936	A	WitnessSourceAPI.prop_right: literal source mixed 1141425/913952, I-purified 2967537/2456246, gap 1600683/39299936.	FAIL-BRIDGE	F1
PR-c	03_hierarchy.tex:eq:right-measures	Supports/weights of nu_M and nu_{K,I}; purified energy weights 17/52,9/26,17/52	A	`States.hR_energy_basis`, `rhoR_energy_basis`, `right_mixed_gap_weights`, `right_purified_gap_weights`; `PurifiedChain.row_weights`, `weights_certified`, `cyclic_dimension`; `ConcreteChains.RightMixed.cyclic_dimension`.	PASS-EQUIVALENT	-
PR-d	03_hierarchy.tex:l.69-70	Chains terminate exactly at lengths 3 and 5	A	WitnessChainLengths.right_mixed_card / right_purified_card / right_mixed_later_zero / right_purified_later_zero	PASS-EQUIVALENT	-
PR-e	03_hierarchy.tex:eq:right-curvatures	C_M=225/169 t^2+O(t^4), K_I=221/169 t^2+O(t^4); equal ||[H,rho]||^2/P and 2Var(H)	A	RightWitnessCurvature.literal_curvatures and source_expansions: individual 225/169 and 221/169, literal HS/variance coefficients and true two-sided =O[nhds 0](t⁴). CurvatureDisplayRepair.actual_quartic_remainder_alltime is valid for every real t.	PARTIAL	F4
PR-f	03_hierarchy.tex:eq:right-interval	C_M-K_I >= 4/169 t^2-64t^3 >0 on 0<t<1/2704	A	WitnessSourceAPI.right_interval transports the exact polynomial/cosine proof into the literal source GS quantities; all original interval endpoints/hypotheses retained.	FAIL-BRIDGE	F1
QB	03_hierarchy.tex:thm:qubit	For every qubit rho, Hermitian H, real t: S_U*<=C_M<=K_I	A	QubitSourceAPI.source_hierarchy; SourceProse.minimal_physical_dimension proves IsLeast=3 for each side in this same API, including d=0,1,2 exclusions and actual d=3 witnesses.	FAIL-BRIDGE	F1
QB-a	03_hierarchy.tex:thm:qubit (consequence)	Physical dimension three is minimal for failure of either side	A	SourceProse.minimal_physical_dimension; QubitSourceAPI.dimension_one_zero	PARTIAL	F2
QB-b	03_hierarchy.tex:eq:qubit-mus	Three-atom forms with mu_S=(1-sqrt(1-z))(1-c)/2, mu_K=z(1-c)/(1+z), mu_I=(1-zc)/2	A	SourceProse.literal_qubit_formulas; QubitParameterization.physical_polar_angle	PARTIAL	F3
QB-c	03_hierarchy.tex:eq:qubit-order	mu_K/mu_S=(sqrt p1+sqrt p2)^2/(p1^2+p2^2)>=1; mu_I-mu_K=(1-z)(1+zc)/(2(1+z))>=0	A	QubitParameterization.displayed_coefficient_order	PASS-EQUIVALENT	-
QB-d	03_hierarchy.tex:l.114-129	Parameters in [0,1/2]; F nondecreasing on [0,1/2]; endpoints via terminated chains	B	PhysicalQubit.coefficient_hierarchy; Qubit.threeAtom_mono, threeAtom_sub; UniversalQubit.stationary_complexity, ThreeWeights.complexity_eq	PASS-EQUIVALENT	-
QB-e	03_hierarchy.tex:l.128-129	Stationary mixed dynamics need not imply stationary I-purification dynamics	A	SourceProse.stationary_mixed_nonstationary_purification	OUT-OF-SCOPE	-
PB	03_hierarchy.tex:prop:robust	0<|delta|<1/sqrt135: no common reducing projection; fails at sufficiently small positive times	B	`PerturbedDynamics.robust_qutrit_witness` has exactly 0<abs(delta)<1/sqrt135, actual open-time violation and irreducibility; `perturbed_finite_lower_bound` proves the printed rational witness via a stronger fourth-order remainder. The source cubic inequality is separately inventoried. V4 literal delta-general source endpoint: PerturbedSourceAPI.mixed_canonical and purified_canonical for all real delta/time; final robust_qutrit_witness, finite_certificate and cubic_certificate explicitly compose both bridges.	PASS	-
PB-a	03_hierarchy.tex:eq:perturbed-H	H_delta	A	`Perturbation.hamiltonian`, `hermitian`; `PerturbedDynamics.complexHamiltonian`, `complexHamiltonian_hermitian`, `purifiedGenerator` are the literal original generator and its I-branch lift.	PASS	-
PB-b	03_hierarchy.tex:eq:robust-gap	delta=1/20,t=1/20000: C_M-K_I>=378247/21125000000000000	B	`PerturbedDynamics.perturbed_finite_lower_bound`, `perturbed_finite_violation`; same original normalized physical dynamics and exact rational lower bound, obtained from a stronger fourth-order error certificate instead of assuming the source cubic estimate. V4 literal delta-general source endpoint: PerturbedSourceAPI.mixed_canonical and purified_canonical for all real delta/time; final robust_qutrit_witness, finite_certificate and cubic_certificate explicitly compose both bridges.	PASS-STRONGER	-
PB-c	03_hierarchy.tex:eq:robust-curvature	k_K-k_I=(4-540delta^2)/169>0	A	`Perturbation.curvature_gap`, `curvature_gap_positive`, `curvature_finite`; `PerturbedDynamics.mixed_curvature` and `purified_curvature` identify these scalar expressions with actual normalized commutator norms.	PASS	-
FT	04_factor_two.tex:thm:factor	Finite-dim, Hermitian G, unit psi, all real t: C_K(sigma(t))>=2C_S(psi(t)); stationary/degenerate/terminating included	A	`FactorTwoTheorem.finite_dimensional_factor_two`; `FactorTwoSharpnessGS.exact_saturation`, `universal_multiplier_le_two`; `PureShortTime.pure_ratio_tendsto_two` and `stationary_zero` cover the general short-time and stationary statements.	PASS	-
FT-a	04_factor_two.tex:eq:factor-two	Factor-two inequality	A	`FactorTwoTheorem.finite_dimensional_factor_two`, with actual normalized GS state and commutator chains and arbitrary Hermitian finite G/unit seed/real time.	PASS	-
FT-b	04_factor_two.tex:eq:factor-vectorization	chi=psi(x)conj psi, L=G(x)I-I(x)conj G, chi(t)	A	`FactorTwo.outer`, `pureSeed`, `rowVectorize`, `hilbertOuter`; `PerturbedDynamics.liouvillian_rowVectorize`, `evolution_rowVectorize`; `FactorTwoTheorem.pure_conjugation` and `CanonicalPurification.generatorU_eq_commutatorMatrix` identify the tensor/difference generator and actual evolution.	PASS	-
FT-c	04_factor_two.tex:eq:flags	V_n, W_n and V_n subset W_n	A	`FactorTwo.operatorKrylovFlag`, `orthogonalTensorFlag`, `hilbertOperatorFlag`, `hilbertTensorFlag`, `hilbert_flag_inclusion`; exact prefixes use original polynomial degree and include terminated chains.	PASS	-
FT-d	04_factor_two.tex:eq:tail-domination	Tail domination via nested projections	A	`FactorTwoFinite.actual_operator_projection_mass`, `actual_tensor_projection_mass`, `actual_tail_domination`; actual cyclic membership is supplied by `FactorTwoTheorem.state_evolution_mem_cyclic` and `pure_evolution_mem_cyclic`.	PASS	-
FT-e	04_factor_two.tex:eq:tail-sum	Tail sum gives 2C_S	A	`Krylov.finite_tail_sum`, `product_finite_tail_sum`, `product_first_moment`; `FactorTwoFinite.factor_two` and `FactorTwoTheorem.finite_dimensional_factor_two` apply them to the genuine normalized dynamics.	PASS	-
FT-f	04_factor_two.tex:l.15	Coefficient two is sharp	A	FactorTwoSharpnessGS.exact_saturation, excludes_larger_multiplier, universal_multiplier_le_two	PASS	-
FT-g	04_factor_two.tex:l.50-54	Short-time coefficients 2v and v for any nonstationary seed; ratio->2; stationary seed gives zero	A	PureShortTime.state_quadratic_limit, operator_quadratic_limit, pure_ratio_tendsto_two, stationary_zero	PASS	-
FG	04_factor_two.tex:eq:flag-gap	C_K-2C_S=sum_n||(P_Wn-P_Vn)chi(t)||^2, sum terminates	A	PhysicalFlagGap.exact_gap; actual evolved vector, normalized GS flags, derived finite cutoff	PASS-EQUIVALENT	-
CB	04_factor_two.tex:cor:branches	K_I>=2S_I and K_U*>=2S_U* for actual normalized purification, all t; no full rank	A	PurificationBranches.both_branches, K_I_ge_two_S_I, K_U_ge_two_S_U; PSD trace-one canonical seed and arbitrary actual normalized seed	PASS	-
CB-a	04_factor_two.tex:eq:branches	Same	A	Same source assertion as cor:branches; concrete Kronecker generator equalities proved	PASS	-
RD-a	05_ratios.tex:eq:ratios	r=S/C, q=1/r, R=Pq	A	`PhysicalTemporal.mainRatio`, `reciprocalRatio`; `TemporalRemovable.mainReciprocalContinued`, `mainScaledReciprocalContinued`, `reciprocalScaledContinued`; agreement lemmas identify r, q and Pq separately away from recurrence. V4 canonical endpoint: CanonicalFamilySource.mainRatio_eq and mainContinued_eq transport this exact display; final main_continued_cv_lower, main_continued_cv_unbounded, main_continued_finite_witness, main_continued_source_properties use mainSpread_canonical in proof bodies.	PASS	-
RD-b	05_ratios.tex:eq:cv-definition	<f>=(1/T)int_0^T f, CV^2=<f^2>/<f>^2-1	A	`Temporal.periodMean`, `cvSquared`, `cv`; `PhysicalTemporal.coefficientOfVariation`; exactly the uniform 2pi period integral and second-moment/mean-squared formula.	PASS	-
MR	05_ratios.tex:thm:main-ratio	Main-ratio CV unbounded; eps=1e-10 gives CV>80	A	FamilySourceAPI.main_continued_cv_lower / main_continued_cv_unbounded / main_continued_finite_witness. Canonical mainSpread_canonical, actual GS mainMixed, genuine continuous extension, CV>80 at the source rational parameter. V4 canonical endpoint: CanonicalFamilySource.mainRatio_eq and mainContinued_eq transport this exact display; final main_continued_cv_lower, main_continued_cv_unbounded, main_continued_finite_witness, main_continued_source_properties use mainSpread_canonical in proof bodies.	FAIL-BRIDGE	F1
MR-a	05_ratios.tex:eq:main-family	H, B, rho_eps=(1-eps)B(+)eps B, 0<eps<=1/4; full rank	A	`TemporalStates.energy`, `hamiltonian`, `mainState`, `mainState_trace`, `mainState_posDef`, `mainRoot_is_positive_square_root`; `ComplexAdmissibility.MainTemporal.state_posDef`, `root_canonical`.	PASS	-
MR-b	05_ratios.tex:eq:main-cv	CV(r)^2>=289/(132710400 pi eps)-1 -> infinity	A	FamilySourceAPI.main_continued_cv_lower and main_continued_cv_unbounded; continued source ratio, not merely an auxiliary-chain quotient. V4 canonical endpoint: CanonicalFamilySource.mainRatio_eq and mainContinued_eq transport this exact display; final main_continued_cv_lower, main_continued_cv_unbounded, main_continued_finite_witness, main_continued_source_properties use mainSpread_canonical in proof bodies.	FAIL-BRIDGE	F1
MR-c	05_ratios.tex:eq:main-losses	D_S, D_K exact return-loss formulas	A	`TemporalStates.main_return_loss_coefficients`; `ReturnLoss.mainSpreadLoss`, `mainMixedLoss`, `mainSpreadLoss_eq_return`, `mainMixedLoss_eq_return`; `FiveAtomFamilies.mainSpread_loss_bounds`, `mainMixed_loss_bounds` identify actual matrix-chain losses.	PASS	-
MR-d	05_ratios.tex:eq:main-f	f_eps two closed forms	A	`ReturnLoss.main_loss_ratio`; `TemporalFamilies.mainRatio`, `mainRatio_decomposition`; common recurrence factors cancel only off recurrence, with the continued formula defined everywhere. V4 canonical endpoint: CanonicalFamilySource.mainRatio_eq and mainContinued_eq transport this exact display; final main_continued_cv_lower, main_continued_cv_unbounded, main_continued_finite_witness, main_continued_source_properties use mainSpread_canonical in proof bodies.	PASS	-
MR-e1	05_ratios.tex:eq:main-mean	<f_eps> closed form <=68/81<1	A	TemporalFamilies.main_period_mean / mainMeanFormula_bound; SourceMomentBounds.main_source_moments proves 0<⟨r⟩≤8 for the actual continuous source ratio. V4 canonical endpoint: CanonicalFamilySource.mainRatio_eq and mainContinued_eq transport this exact display; final main_continued_cv_lower, main_continued_cv_unbounded, main_continued_finite_witness, main_continued_source_properties use mainSpread_canonical in proof bodies.	PASS	-
MR-e2	05_ratios.tex:eq:main-mean	<r> <= 8	A	TemporalFamilies.main_period_mean / mainMeanFormula_bound; SourceMomentBounds.main_source_moments proves 0<⟨r⟩≤8 for the actual continuous source ratio. V4 canonical endpoint: CanonicalFamilySource.mainRatio_eq and mainContinued_eq transport this exact display; final main_continued_cv_lower, main_continued_cv_unbounded, main_continued_finite_witness, main_continued_source_properties use mainSpread_canonical in proof bodies.	FAIL-BRIDGE	F1
MR-f1	05_ratios.tex:eq:main-window	c<=eps^2/4, D0>=1/2, f>=17/(180eps) on |t-pi|<=eps	A	TemporalFamilies.cos_half_peak / mainRatio_time_peak; SourceMomentBounds.main_source_window and main_source_moments prove the exact r peak and second-moment bounds. V4 canonical endpoint: CanonicalFamilySource.mainRatio_eq and mainContinued_eq transport this exact display; final main_continued_cv_lower, main_continued_cv_unbounded, main_continued_finite_witness, main_continued_source_properties use mainSpread_canonical in proof bodies.	PASS	-
MR-f2	05_ratios.tex:eq:main-window	r>=17/(1440eps); <r^2> >= 289/(2073600 pi eps)	A	TemporalFamilies.cos_half_peak / mainRatio_time_peak; SourceMomentBounds.main_source_window and main_source_moments prove the exact r peak and second-moment bounds. V4 canonical endpoint: CanonicalFamilySource.mainRatio_eq and mainContinued_eq transport this exact display; final main_continued_cv_lower, main_continued_cv_unbounded, main_continued_finite_witness, main_continued_source_properties use mainSpread_canonical in proof bodies.	FAIL-BRIDGE	F1
MR-g	05_ratios.tex:l.52-54	Eigenvalues; D0; P=17D0/25; sqrt B	A	FamilyEigenvalues.main_charpoly / main_roots; TemporalStates.mainState_purity / mainRoot_is_positive_square_root	PASS-EQUIVALENT	-
MR-h	05_ratios.tex:l.64-65	Both chains have exactly five frequencies 0,+-1,+-2 with positive weights; f/8<=r<=8f	A	CertifiedFamilyGS.five_atom; FamilySourceAPI.mainSpread_canonical; SourceMomentBounds.main_envelope V4 canonical endpoint: CanonicalFamilySource.mainRatio_eq and mainContinued_eq transport this exact display; final main_continued_cv_lower, main_continued_cv_unbounded, main_continued_finite_witness, main_continued_source_properties use mainSpread_canonical in proof bodies.	FAIL-BRIDGE	F1
MR-i	05_ratios.tex:l.49,91-92	eps=1e-10 gives CV(r)>80 (pi<22/7)	A	FamilySourceAPI.main_continued_finite_witness V4 canonical endpoint: CanonicalFamilySource.mainRatio_eq and mainContinued_eq transport this exact display; final main_continued_cv_lower, main_continued_cv_unbounded, main_continued_finite_witness, main_continued_source_properties use mainSpread_canonical in proof bodies.	FAIL-BRIDGE	F1
RC	05_ratios.tex:thm:reciprocal	Reciprocal-ratio CV unbounded; CV(R)=CV(q); eta=1e-5 gives CV(q)>40	A	FamilySourceAPI.reciprocal_continued_cv_lower / reciprocal_continued_cv_unbounded / reciprocal_continued_finite_witness / reciprocal_scaled_continued_finite_witness; canonical independent family, actual GS quotient, q and purity-scaled continuation. V4 canonical endpoint: CanonicalFamilySource.reciprocalRatio_eq, reciprocalContinued_eq and reciprocalScaledContinued_eq transport q/Pq and recurrence displays; final reciprocal_continued_* and reciprocal_scaled_continued_* wrappers use reciprocalSpread_canonical in proof bodies.	FAIL-BRIDGE	F1
RC-a	05_ratios.tex:eq:reciprocal-family	A_eta, rho_eta=A^2/N, eps=eta^2, 0<eps<=1/16; full rank	A	`TemporalStates.reciprocalRaw`, `reciprocalState_eq_normalized_square`, `reciprocalState_trace`, `reciprocalState_posDef`, `reciprocalRoot_is_positive_square_root`; `ComplexAdmissibility.ReciprocalTemporal.state_posDef`, `root_canonical`.	PASS	-
RC-b1	05_ratios.tex:eq:reciprocal-cv	CV(q)^2>=1/(1679616 pi eps)-1 -> infinity	A	FamilySourceAPI.reciprocal_continued_cv_lower, reciprocal_source_purity_cv_eq, reciprocal_scaled_continued_cv_value; exact lower bound and scaling invariance. V4 canonical endpoint: CanonicalFamilySource.reciprocalRatio_eq, reciprocalContinued_eq and reciprocalScaledContinued_eq transport q/Pq and recurrence displays; final reciprocal_continued_* and reciprocal_scaled_continued_* wrappers use reciprocalSpread_canonical in proof bodies.	FAIL-BRIDGE	F1
RC-b2	05_ratios.tex:eq:reciprocal-cv	CV(R)=CV(q)	A	FamilySourceAPI.reciprocal_continued_cv_lower, reciprocal_source_purity_cv_eq, reciprocal_scaled_continued_cv_value; exact lower bound and scaling invariance. V4 canonical endpoint: CanonicalFamilySource.reciprocalRatio_eq, reciprocalContinued_eq and reciprocalScaledContinued_eq transport q/Pq and recurrence displays; final reciprocal_continued_* and reciprocal_scaled_continued_* wrappers use reciprocalSpread_canonical in proof bodies.	PASS	-
RC-c	05_ratios.tex:eq:reciprocal-traces	N, T4, P=T4/N^2	A	`TemporalFamilies.reciprocalN`, `reciprocalT`; `TemporalStates.reciprocalRaw_trace_square`, `reciprocalRaw_trace_fourth`, `reciprocalState_purity` certify N, T4 and P=T4/N squared. V4 canonical endpoint: CanonicalFamilySource.reciprocalRatio_eq, reciprocalContinued_eq and reciprocalScaledContinued_eq transport q/Pq and recurrence displays; final reciprocal_continued_* and reciprocal_scaled_continued_* wrappers use reciprocalSpread_canonical in proof bodies.	PASS	-
RC-d	05_ratios.tex:eq:reciprocal-losses	D_S, D_K	A	`TemporalStates.reciprocal_return_loss_coefficients`; `ReturnLoss.reciprocalSpreadLoss`, `reciprocalMixedLoss`, `reciprocalSpreadLoss_eq_return`, `reciprocalMixedLoss_eq_return`; `FiveAtomFamilies.reciprocalSpread_loss_bounds`, `reciprocalMixed_loss_bounds`.	PASS	-
RC-e	05_ratios.tex:eq:reciprocal-g	g_eps formula	A	`ReturnLoss.reciprocal_loss_ratio`; `TemporalFamilies.reciprocalRatio`, `reciprocalRatio_decomposition`, with epsilon=eta squared and the correct reciprocal orientation. V4 canonical endpoint: CanonicalFamilySource.reciprocalRatio_eq, reciprocalContinued_eq and reciprocalScaledContinued_eq transport q/Pq and recurrence displays; final reciprocal_continued_* and reciprocal_scaled_continued_* wrappers use reciprocalSpread_canonical in proof bodies.	PASS	-
RC-f1	05_ratios.tex:eq:reciprocal-mean	<g> closed form <=27eps; 2<=N,T4<=3	A	TemporalFamilies.reciprocal_period_mean / reciprocalMeanFormula_bound / reciprocal_trace_bounds; SourceMomentBounds.reciprocal_source_moments proves 0<⟨q⟩≤216η² in the actual continuous source API. V4 canonical endpoint: CanonicalFamilySource.reciprocalRatio_eq, reciprocalContinued_eq and reciprocalScaledContinued_eq transport q/Pq and recurrence displays; final reciprocal_continued_* and reciprocal_scaled_continued_* wrappers use reciprocalSpread_canonical in proof bodies.	PASS	-
RC-f2	05_ratios.tex:eq:reciprocal-mean	<q> <= 216 eps	A	TemporalFamilies.reciprocal_period_mean / reciprocalMeanFormula_bound / reciprocal_trace_bounds; SourceMomentBounds.reciprocal_source_moments proves 0<⟨q⟩≤216η² in the actual continuous source API. V4 canonical endpoint: CanonicalFamilySource.reciprocalRatio_eq, reciprocalContinued_eq and reciprocalScaledContinued_eq transport q/Pq and recurrence displays; final reciprocal_continued_* and reciprocal_scaled_continued_* wrappers use reciprocalSpread_canonical in proof bodies.	FAIL-BRIDGE	F1
RC-g1	05_ratios.tex:eq:reciprocal-window	g>=2N/T4>=4/3 on the window	A	TemporalFamilies.reciprocalRatio_time_peak; SourceMomentBounds.reciprocal_source_window / reciprocal_source_moments prove q≥1/6 and ⟨q²⟩≥η²/(36π). V4 canonical endpoint: CanonicalFamilySource.reciprocalRatio_eq, reciprocalContinued_eq and reciprocalScaledContinued_eq transport q/Pq and recurrence displays; final reciprocal_continued_* and reciprocal_scaled_continued_* wrappers use reciprocalSpread_canonical in proof bodies.	PASS	-
RC-g2	05_ratios.tex:eq:reciprocal-window	q>=1/6; <q^2> >= eps/(36pi)	A	TemporalFamilies.reciprocalRatio_time_peak; SourceMomentBounds.reciprocal_source_window / reciprocal_source_moments prove q≥1/6 and ⟨q²⟩≥η²/(36π). V4 canonical endpoint: CanonicalFamilySource.reciprocalRatio_eq, reciprocalContinued_eq and reciprocalScaledContinued_eq transport q/Pq and recurrence displays; final reciprocal_continued_* and reciprocal_scaled_continued_* wrappers use reciprocalSpread_canonical in proof bodies.	FAIL-BRIDGE	F1
RC-h	05_ratios.tex:l.123-131	Eigenvalues 3eta,eta,1+-eta^3; sqrt(rho)=A/sqrt N; five positive atoms; g/8<=q<=8g	A	FamilyEigenvalues.reciprocal_raw_charpoly / reciprocal_raw_roots; FamilySourceAPI.reciprocalSpread_canonical; SourceMomentBounds.reciprocal_envelope V4 canonical endpoint: CanonicalFamilySource.reciprocalRatio_eq, reciprocalContinued_eq and reciprocalScaledContinued_eq transport q/Pq and recurrence displays; final reciprocal_continued_* and reciprocal_scaled_continued_* wrappers use reciprocalSpread_canonical in proof bodies.	FAIL-BRIDGE	F1
RC-i	05_ratios.tex:l.120,155	eta=1/100000 gives CV(q)>40	A	FamilySourceAPI.reciprocal_continued_finite_witness V4 canonical endpoint: CanonicalFamilySource.reciprocalRatio_eq, reciprocalContinued_eq and reciprocalScaledContinued_eq transport q/Pq and recurrence displays; final reciprocal_continued_* and reciprocal_scaled_continued_* wrappers use reciprocalSpread_canonical in proof bodies.	FAIL-BRIDGE	F1
REC	05_ratios.tex:l.164-175	Zero set exactly 2piZ; finite positive removable limits; pi not a global recurrence; integrals finite	A	SourceRecurrenceSets; FamilySourceAPI continued limits, periodicity, moments_integrable	FAIL-BRIDGE	F1
FP	05_ratios.tex:thm:purity	d=4, H=diag(2,3,0,1), P=1/2: uniform bounds on r for all t; r and its period mean diverge uniformly; q, Pq -> 0 uniformly	A	FamilySourceAPI.fixed_purity, fixed_uniform_bounds, fixed_periodMean_bounds, fixed_periodMean_unbounded, fixed_uniformly_diverges, fixed_unscaled_reciprocal_uniform_small and fixed_reciprocal_uniform_small. Actual GS, fixed H, exact P=1/2, both reciprocals and genuine removable extension. V4 canonical endpoint: CanonicalFamilySource.fixedContinued_eq transports all fixed-purity displays, including the reciprocal via congrArg (fun r => 1/r) or (fun r => (1/2)/r); fixed_uniform_bounds, fixed_periodMean_bounds, fixed_periodMean_unbounded and fixed_uniformly_diverges use fixedSpread_canonical in proof bodies.	FAIL-BRIDGE	F1
FP-a	05_ratios.tex:eq:purity-family	a_+-, rho_eps; full rank; purity exactly 1/2	A	`FamilyStates.fixedState`, `fixedEnergy`, `fixedState_posDef`, `fixedState_trace`, `fixedState_purity`, `fixedRoot_is_positive_square_root`; `ComplexAdmissibility.FixedPurity.state_posDef`, `root_canonical`.	PASS	-
FP-b	05_ratios.tex:eq:purity-bounds	(5/(18eps))(1-eps/10)<=r<=5/(18eps), all real t	A	FamilySourceAPI.fixed_uniform_bounds and fixed_continued_formula; all real times with prescribed removable values. V4 canonical endpoint: CanonicalFamilySource.fixedContinued_eq transports all fixed-purity displays, including the reciprocal via congrArg (fun r => 1/r) or (fun r => (1/2)/r); fixed_uniform_bounds, fixed_periodMean_bounds, fixed_periodMean_unbounded and fixed_uniformly_diverges use fixedSpread_canonical in proof bodies.	FAIL-BRIDGE	F1
FP-c	05_ratios.tex:eq:purity-positive	(1-eps)^2-(2eps-59eps^2/25)=(1-14eps/5)(1-6eps/5)>0	A	`Ratios.fixedPurity_eigenvalue_certificate` proves radicand and eigenvalue positivity using the displayed factorization inside its proof; `FamilyStates.fixedState_posDef`, `fixedState_purity` certify the actual matrix.	PASS	-
FP-d	05_ratios.tex:eq:purity-ratio	mu_K=9eps^2/25, mu_S=eps/10; exact r formula	A	FamilySourceAPI.fixed_quotient / fixed_continued_formula; fixedSpread_canonical / fixedMixed_eq connect the actual GS objects; original exact masses remain FamilyStates.fixedRoot_gap_weights / fixedState_gap_weights. V4 canonical endpoint: CanonicalFamilySource.fixedContinued_eq transports all fixed-purity displays, including the reciprocal via congrArg (fun r => 1/r) or (fun r => (1/2)/r); fixed_uniform_bounds, fixed_periodMean_bounds, fixed_periodMean_unbounded and fixed_uniformly_diverges use fixedSpread_canonical in proof bodies.	FAIL-BRIDGE	F1
FP-e	05_ratios.tex:l.215-216	Removable value 5/(18eps) at 2piZ; bounds apply to period mean	A	FamilySourceAPI.fixed_at_recurrence / fixed_removable_limit / fixed_periodMean_bounds V4 canonical endpoint: CanonicalFamilySource.fixedContinued_eq transports all fixed-purity displays, including the reciprocal via congrArg (fun r => 1/r) or (fun r => (1/2)/r); fixed_uniform_bounds, fixed_periodMean_bounds, fixed_periodMean_unbounded and fixed_uniformly_diverges use fixedSpread_canonical in proof bodies.	FAIL-BRIDGE	F1
FP-f	05_ratios.tex:l.219-222	No finite purity-only upper control of r/mean; no positive purity-only lower control of q, Pq	A	FamilySourceAPI.fixed_uniformly_diverges / fixed_periodMean_unbounded / fixed_unscaled_reciprocal_uniform_small / fixed_reciprocal_uniform_small V4 canonical endpoint: CanonicalFamilySource.fixedContinued_eq transports all fixed-purity displays, including the reciprocal via congrArg (fun r => 1/r) or (fun r => (1/2)/r); fixed_uniform_bounds, fixed_periodMean_bounds, fixed_periodMean_unbounded and fixed_uniformly_diverges use fixedSpread_canonical in proof bodies.	FAIL-BRIDGE	F1
QCV	06_survivors.tex:prop:qubit-cv	Nonstationary qubit, any probability-weighted average: CV(r),CV(q),CV(R)<=(k*-1)/(2sqrt k*)	A	SourceProse.source_cv_with_identification includes literal generic source-ratio agreement, positive continuous extensions and all three CV bounds for an arbitrary probability measure. No attainment claim.	FAIL-BRIDGE	F1
QCV-a	06_survivors.tex:eq:qubit-cv	kappa*=(17+7sqrt7)/27 and the CV bound	A	SourceProse.source_cv_with_identification; exact κ* expression remains RestrictedCV.kappaStar; cv_constant_decimal gives a certified numerical enclosure.	FAIL-BRIDGE	F1
QCV-b	06_survivors.tex:l.15	Bound approximately 0.1375633885	A	SourceProse.cv_constant_decimal	OUT-OF-SCOPE	F6
QCV-c	06_survivors.tex:l.15-16	No attainment claim	D	Scope restriction: no CV-attainment assertion is made	PASS	-
QCV-d	06_survivors.tex:eq:qubit-range	mu_S=(1-y)h/2, mu_K=(1-y^2)h/(2-y^2), kappa=max r/min r=(1-mu_S)/(1-mu_K)	A	SourceProse.literal_qubit_range_parameters; nonstationary_angular_parameters; QubitRange.all_range_factors_of_commutator_ne; SourceProse.source_cv_with_identification	FAIL-BRIDGE	F1
QCV-e	06_survivors.tex:eq:kappa-max	kappa<=(1+y)(2-y^2)/2<=kappa*, y_max=(sqrt7-1)/3	A	`RestrictedCV.range_gap_factorization`, `rangePolynomial_le_kappaStar`, `qubit_range_factor_bound`; exact algebraic optimization at (sqrt7-1)/3 replaces the source concavity calculation.	PASS-EQUIVALENT	-
QCV-f	06_survivors.tex:eq:bounded-variance	Var<=(M-EX)(EX-m); CV<=(M-m)/(2sqrt(mM))	A	mathlib `ProbabilityTheory.variance_le_sub_mul_sub`, used in `RestrictedCV.bounded_cv`; `relative_variance_bound` optimizes the normalized variance and proves the exact (M-m)/(2 sqrt(mM)) bound.	PASS	-
QCV-g	06_survivors.tex:l.46-48	Stationary 0/0 excluded; qubit bound excludes dimension two for temporal no-go	A	SourceProse.source_cv_with_identification; original commutator-nonzero premise	FAIL-BRIDGE	F1
RT	06_survivors.tex:cor:return-comparison	Both return losses nonzero: bounds on r with m_S, m_K	A	PhysicalReturnComparison.physical_return_comparison, source_individual_bounds, source_lengths: literal trace returns, actual GU spread/mixed chains, actual cyclic lengths; standalone export exit 0	PASS	-
RT-a	06_survivors.tex:eq:returns	A_S=Tr(sqrt rho(t) sqrt rho), A_K=Tr(rho(t)rho)/P	A	`PhysicalReturnComparison.spreadReturn`, `mixedReturn`, `spread_return_amplitude`, `mixed_return_amplitude`, `source_return_bounds`; literal canonical-root/density trace returns, with reality and normalization derived.	PASS	-
RT-b	06_survivors.tex:eq:state-dependent	Ratio bounds	A	PhysicalReturnComparison.physical_return_comparison; same literal source statement as cor:return-comparison, with no ambient-dimension substitution	PASS	-
CN	06_survivors.tex:eq:curvature-necessary	All-time hierarchy implies ||[H,sqrt rho]||^2<=||[H,rho]||^2/P<=2Var_rho(H)	A	PhysicalCurvatureNecessary.hierarchy_forces_curvature; literal HS commutators, purity normalization and trace energy variance for arbitrary PSD trace-one density and Hermitian H; standalone export exit 0	PASS	-
CN-a	06_survivors.tex:l.82	Displayed counterexamples violate the respective curvature comparisons	A	CurvatureDisplayRepair.left_curvature_violation; RightWitnessCurvature.right_curvature_violation	PARTIAL	F4
S63	06_survivors.tex:sec 6.3; 07_discussion.tex	Mechanism narrative; discussion	D	Outside retained theorem scope: Qualitative; no new quantified claim.	OUT-OF-SCOPE	-
AL	appendix_certificates.tex:eq:left-probabilities	p^M, p^{S,U*} at pi	A	WitnessProbabilityAPI.left_mixed / left_spread: each actual normalized-GS degree probability, original mixed density and canonical-root commutator representations.	FAIL-BRIDGE	F1
AR1	appendix_certificates.tex:eq:right-lanczos	b_n^2 tables; zero diagonal	A	LanczosSourceAPI.right_mixed_couplings / right_purified_couplings: actual normalized-GS coupling squares and zero diagonal in the energy representation; GSUnitaryTransport proves representation invariance.	FAIL-BRIDGE	F1
AR2	appendix_certificates.tex:eq:right-probabilities	Full probability vectors at pi/3	A	WitnessProbabilityAPI.right_mixed / right_purified: each actual normalized-GS degree probability, original density/rank-one seed and original Hamiltonians.	FAIL-BRIDGE	F1
AR3	appendix_certificates.tex:l.31-33	Terminal polynomials x(x-2)(x+2), x(x-2)(x-1)(x+1)(x+2)	A	TerminalSourcePolynomials.mixed_terminal / purified_terminal	PASS-EQUIVALENT	-
UL	appendix_certificates.tex:prop:unbounded-left	Real m>=4: full rank; S_U*>C_M for t not in 2piZ; r(pi)/m^2->1/9; no fixed c>0	A	FamilySourceAPI.qutrit_all_time_strict / qutrit_peak_ratio / qutrit_asymptotic / qutrit_no_positive_multiplier; same actual GS API, canonical root, real m≥4 and every nonrecurrence time. V4 canonical endpoint: CanonicalFamilySource.qutritSpread_eq transports all m>=4 displays; qutrit_all_time_strict, qutrit_peak_ratio, qutrit_asymptotic and qutrit_no_positive_multiplier use qutritSpread_canonical in proof bodies.	FAIL-BRIDGE	F1
UL-a	appendix_certificates.tex:eq:m-family	rho_m	A	`FamilyStates.qutritState`, `qutritEnergy`, `qutritState_trace`, `qutritState_posDef`, `qutritRoot_is_positive_square_root`; `ComplexAdmissibility.Qutrit.state_posDef`, `root_canonical`.	PASS	-
UL-b	appendix_certificates.tex:eq:m-asymptotic	S_U*(pi)/C_M(pi) ~ m^2/9 -> infinity	A	FamilySourceAPI.qutrit_asymptotic: ordinary real atTop limit 1/9 after division by m², with source canonical-root correspondence. V4 canonical endpoint: CanonicalFamilySource.qutritSpread_eq transports all m>=4 displays; qutrit_all_time_strict, qutrit_peak_ratio, qutrit_asymptotic and qutrit_no_positive_multiplier use qutritSpread_canonical in proof bodies.	FAIL-BRIDGE	F1
UL-c	appendix_certificates.tex:eq:m-weights	P_m, mu_S, mu_K	A	`FamilyStates.qutritState_purity`, `qutritRoot_gap_weights`, `qutritState_gap_weights`; `Ratios.qutritWeightS`, `qutritWeightK`, `qutrit_weights`.	PASS	-
UL-d	appendix_certificates.tex:eq:F-difference	F(a)-F(b)=(a-b)[sin^2 t+8(1-a-b)sin^4(t/2)]	A	`Qubit.threeAtom_sub` is the literal trigonometric factorization; `Ratios.threeAtom_difference` gives its sine-squared-half-time polynomial form; `PhysicalRatios.qutrit_all_time_strict` applies it. V4 canonical endpoint: CanonicalFamilySource.qutritSpread_eq transports all m>=4 displays; qutrit_all_time_strict, qutrit_peak_ratio, qutrit_asymptotic and qutrit_no_positive_multiplier use qutritSpread_canonical in proof bodies.	PASS	-
UL-e	appendix_certificates.tex:l.54-61	Spectrum (m^2,4,1)/(m^2+5); numerator m^4-9m^2-28>0	A	FamilyEigenvalues.qutrit_charpoly / qutrit_roots; Ratios.qutrit_weights	PASS-EQUIVALENT	-
PA	appendix_certificates.tex:eq:purity-anchor	rho_{1/10} explicit, P=1/2	A	FixedPurityCompletion.rational_anchor and rational_anchor_purity V4 canonical endpoint: CanonicalFamilySource.fixedContinued_eq transports all fixed-purity displays, including the reciprocal via congrArg (fun r => 1/r) or (fun r => (1/2)/r); fixed_uniform_bounds, fixed_periodMean_bounds, fixed_periodMean_unbounded and fixed_uniformly_diverges use fixedSpread_canonical in proof bodies.	PASS	-
TN	appendix_bounds.tex:eq:taylor-norm	|C'''|<=(2||L||)^3||N||; |C-kt^2|<=((2||L||)^3||N||/6)|t|^3	B	`TaylorRemainder.iteratedDeriv_expectation`, `abs_iteratedDeriv_le`, `quadratic_remainder`; `PerturbedDynamics.actual_initial_data` derives k from the actual number operator. `CubicRemainder.expectation_cubic_remainder` and `actual_cubic_remainder_general` supply the all-real-time, arbitrary-mean physical remainder; all final build and audit gates passed.	PASS-EQUIVALENT	-
TN-a	appendix_bounds.tex:l.10-13	Right witness: Liouvillian norms<=2, number norms 2,4, total 64|t|^3	B	WitnessSourceAPI.right_interval; same conclusion by exact polynomial/cosine route, source intermediate norm route replaced	PASS-EQUIVALENT	-
PRM	appendix_bounds.tex:eq:perturbed-remainder	delta=1/20: C_M-K_I>=53/3380 t^2-21296/125|t|^3 (all t); ||H||<=11/10; <=7 atoms; Liouvillian norms<=11/5	A	PerturbedCubicCertificate.source_cubic_lower_bound proves the exact all-real-time physical bound with constant 21296/125. RationalPowerCertificates.H_norm/L_norm, AncillaNormCertificate.purified_liouvillian_sharp_bound, NumberBoundSeven and CubicRemainder supply every actual norm, degree and Taylor premise; standalone exports exit 0 V4 literal delta-general source endpoint: PerturbedSourceAPI.mixed_canonical and purified_canonical for all real delta/time; final robust_qutrit_witness, finite_certificate and cubic_certificate explicitly compose both bridges.	PASS	-
INT	appendix_bounds.tex:eq:integral	(1/2pi)int dt/(a cos^2(t/2)+b)=1/sqrt(b(a+b)), a,b>0	B	`PeriodIntegral.integral_inv_cos_half_sq`, `mean_inv_cos_half_sq`; the exact positive-a,b identity is proved using a nonsingular Poisson-kernel primitive instead of tangent substitution and improper endpoint integrals.	PASS-EQUIVALENT	-
MB	appendix_bounds.tex:l.35-40	Main mean <=68/81 and window bounds	A	TemporalFamilies.mainMeanFormula_bound, main_period_mean_bound, cos_half_peak, mainRatio_time_peak V4 canonical endpoint: CanonicalFamilySource.mainRatio_eq and mainContinued_eq transport this exact display; final main_continued_cv_lower, main_continued_cv_unbounded, main_continued_finite_witness, main_continued_source_properties use mainSpread_canonical in proof bodies.	PASS	-
RB	appendix_bounds.tex:l.42-48	2<=N,T4<=3; bracket<=9/2; window bounds	A	TemporalFamilies.reciprocal_trace_bounds, reciprocalMeanFormula_bound, reciprocalRatio_time_peak V4 canonical endpoint: CanonicalFamilySource.reciprocalRatio_eq, reciprocalContinued_eq and reciprocalScaledContinued_eq transport q/Pq and recurrence displays; final reciprocal_continued_* and reciprocal_scaled_continued_* wrappers use reciprocalSpread_canonical in proof bodies.	PASS	-
PE	appendix_bounds.tex:eq:purity-endpoint	Fraction decreasing; endpoint (1-eps/10)/(1-9eps^2/25)>=1-eps/10	A	`Ratios.fixedPurity_bounds` proves the fractional-linear endpoint estimate using positive denominators; `fixedPurity_denominator_pos` and `PhysicalRatios.fixedContinuedRatio_eq` supply the actual all-time application. V4 canonical endpoint: CanonicalFamilySource.fixedContinued_eq transports all fixed-purity displays, including the reciprocal via congrArg (fun r => 1/r) or (fun r => (1/2)/r); fixed_uniform_bounds, fixed_periodMean_bounds, fixed_periodMean_unbounded and fixed_uniformly_diverges use fixedSpread_canonical in proof bodies.	PASS	-
APPC	appendix_reproducibility.tex	Certificate map, AI certification, archival statements	D	Outside retained theorem scope: Non-mathematical provenance.	OUT-OF-SCOPE	-
NOTE	docs/conjecture1_counterexamples.tex	Standalone Conjecture-1 note	D	Outside retained theorem scope: Declared communication derivative; its mathematics duplicates L3/PL/PR/QB (checked line by line).	OUT-OF-SCOPE	-
